SG_aAusFP1;TTCCCCTCTAGAAATAATTTTGTTTAACTTTAAGAAGGAGATATACCATGTCGTATGGTGCTCTGCTTTTTCGCG
SG_aAusFP2;AACACTAAACTTCATACCTTCGACATCACCCTCCATTTCCACCACATAAGGGATCTTTTCGCGAAAAAGCAGAG
SG_aAusFP3;GGTATGAAGTTTAGTGTTCGAGGTAAAGGTCACGGGGATGCTAATACAGGTAAAATTGAAGCATCGTTTATTTGC
SG_aAusFP4;CCGTATGTCACTGTAGTCAAAATGCTGCTCCACGGCACTGGTAATTCTCCGGTGGTGCAAATAAACGATGCTTC
SG_aAusFP5;CTACAGTGACATACGGTGCCCAATGTTTTGCCAAATATCCTAATGATATCAAAGATTATCCAAAAAGTGCCATG
SG_aAusFP6;GTAAACGCCATCATTTTCAAAAGTAATGGTACGCTCCTGAACATAACCCTCAGGCATGGCACTTTTTGGATA
SG_aAusFP6v1;GTAAACGCCATCATTTTCAAAKNNAATGGTACGCTCCTGAACATAACCCTCAGGCATGGCACTTTTTGGATA
SG_aAusFP7;GAAAATGATGGCGTTTACAAAACCCGTGCAGAAGTTACTTATGAAAAAGGTTCGGTTTACAACCGTGTTACTCTA
SG_aAusFP7v1;GAAAATGATGGCGTTTACAAAACCCGTGCAGAAGTTACTWKKGAAAAAGGTTCGGTTTACAACCGTGTTACTCTA
SG_aAusFP8;ATAATTAAATTCTAGCTTTTTACCTAGGATATTACCTCCTTTCTTAAAGCCACTGCCATTTAGAGTAACACGGTTG
SG_aAusFP9;GTAAAAAGCTAGAATTTAATTATAATCCCCATTGTATTTATGTTTTACCAGATGTTCAGAATAACGGTATTAAAT
SG_aAusFP9v1;GTAAAAAGCTAGAATTTAATTATAATNNKNNKNNKATTTATGTTTTACCAGATGTTCAGAATAACGGTATTAAAT
SG_aAusFP10;GAGCCGCAATAATCTGTCCGCCGCCTATCACATCGTGAACGATATTAATATAACATTTAATACCGTTATTCTGAA
SG_aAusFP10v1;GAGCCGCAATAATCTGTCCGCCWAGTATCACATCGTGAACGATATTAATATAACATTTAATACCGTTATTCTGAA
SG_aAusFP11;CAGATTATTGCGGCTCATCAGCAGCTGAATACTCCGTTGGGTGGAGGCCCTGTTGATATTCCTCATTACCATCAT
SG_aAusFP12;ATTCATGTGGTCACGGGTCTCTTTAGGATCTTTAGATAATTTGGTATGTGCTTGGATATGATGGTAATGAGGAATA
SG_aAusFP12v1;ATTCATGTGGTCACGGGTCTCTTTAGGATCTAGAGATAATTTGGTATGTGCTTGGATATGATGGTAATGAGGAATA
SG_aAusFP13;CGTGACCACATGAATGTTGTCGAGGTGTTTCGAGCGATCGATTGTAAAACAGCTTACGCATAACCACTGAGATCC
SG_aAusFP14;TTTGTTAGCAGCCGGATCTCAGTGGTTATG
