SG_yddG_1;CTCTTAATCATGCCGGGGACGGTTAACTTTATGACAMAACAAAAAGCAACGCTCA                        ;25nm;STD;55-mer
SG_yddG_2;ATCCTACCATCGTGCTCCACAGAAYGATCGCAAYCAGCCCTATGAGCGTTGCTTTTTG                     ;25nm;STD;58-mer
SG_yddG_3;AGCACGATGGTAGGATTGATTCGCRGTGTCAGTGAGVRWCTCGSTYCGGYCDGCGGCGCAGCTGCTATCTA        ;100nm;STD;71-mer
SG_yddG_4;AAATCCAACCGTGAAGATTAACAGCAGCCCGCTTAATGAATAGATAGCAGCTGCG                        ;25nm;STD;55-mer
SG_yddG_5;CTTCACGGTTGGATTTCCGHRTMTTNNKMAAATCYCGRAAGGCTATTTACTCGC                         ;25nm;STD;54-mer
SG_yddG_6;CGCCAGACAGATTTCATAGSTGACGAATMBAMBACHCCCGGCGAGTAAATAGCC                         ;25nm;STD;54-mer
SG_yddG_7;TGAAATCTGTCTGGCGCTTTCCTTAGGGTATGMGGCGACCYRKCATCAGGCGATTGAA                     ;25nm;STD;58-mer
SG_yddG_8;AGAATTGTCAGGCTGGGCCACAGATAGTTCACMATACBCACTTCAATCGCCTGATG                       ;25nm;STD;56-mer
SG_yddG_9;CCAGCCTGACAATTCTCTTTGCCATTCTGTTTAATGGTCAGAAAAC                                 ;25nm;STD;46-mer
SG_yddG_10;GAGGGCTAATAATAATCCCRRTVBAABCAACCAGTTGGTTTTCTGACCATTAAA                         ;25nm;STD;54-mer
SG_yddG_11;GATTATTATTAGCCCTCRBSGGCGTCTGTTGGGTGTTAGG                                       ;25nm;STD;40-mer
SG_yddG_12;TGGTGATATTATTGATGATCTSATCATAWTDTAATYYATKWYYACCGCCTAACACCCAACAG                 ;100nm;STD;62-mer
SG_yddG_13;ATCATCAATAATATCACCACCAGCCCAKTGAKTTATTTCCTGGCGTTCATTG                           ;25nm;STD;52-mer
SG_yddG_14;TATTCGTTACTGTGCAATAARBTGCCCAGATAAAGVYACCAATGAACGCCAGGA                         ;25nm;STD;54-mer
SG_yddG_15;TTGCACAGTAACGAATAAATACGCAMRWRGAKTTAATGGAATTACCGTTTTTGTC                        ;25nm;STD;55-mer
SG_yddG_16;AGAAAATAGTAAACCCACAGABWTGCTCCCGTTASCAGGACAAAAACGGTAATT                         ;25nm;STD;54-mer
SG_yddG_17;GTGGGTTTACTATTTTCTTACGSHACAACCAGAAATGATATTTAGCA                                ;25nm;STD;47-mer
SG_yddG_18;GCAGAGATGAGTTTAATMRTGACGVBCGTGCTAAATATCATTTCT                                  ;25nm;STD;45-mer
SG_yddG_19;ATTAAACTCATCTCTGCGGCATTTACCTTAGGATTTGCTTATGCTGCATGGAAT                         ;25nm;STD;54-mer
SG_yddG_20;ACCGCCATAATGGTGACATTGCCATGCAATATACCGACATTCCATGCAGCATAAG                        ;25nm;STD;55-mer
SG_yddG_21;TCACCATTATGGCGGTAGGTTCGTATTTTACGCCTGTACTTTCCTCAGCGCTT                          ;25nm;STD;53-mer
SG_yddG_22;CTTGCCAGAACGAGAACGACAGCGGGGCKBTGAGCAGCABGGCTGCAAGCGCTGAGGAAAG                  ;100nm;STD;61-mer
SG_yddG_23;TTCTCGTTCTGGCAAGGCGCGCTGATGGTCTGCGGCGGTTCCCTGCTCTGCTGGCTGGCGACACGTCGTGGTTAAAATT;100nm;STD;79-mer
SG_yddG_24;CTCAGCGGTGGCAGCAGCCTAGGTTAATTTTAACCACGACGT                                     ;25nm;STD;42-mer
